PMCID,paper_url,reg_id_in_paper,reg_id,comments
PMC8971940,https://pubmed.ncbi.nlm.nih.gov/PMC8971940/, , , 
PMC8473998,https://pubmed.ncbi.nlm.nih.gov/PMC8473998/, , , 
PMC8299070,https://pubmed.ncbi.nlm.nih.gov/PMC8299070/, , , 
PMC8995938,https://pubmed.ncbi.nlm.nih.gov/PMC8995938/, , , 
PMC8985910,https://pubmed.ncbi.nlm.nih.gov/PMC8985910/, , , 
PMC8185505,https://pubmed.ncbi.nlm.nih.gov/PMC8185505/, , , 
PMC8113929,https://pubmed.ncbi.nlm.nih.gov/PMC8113929/, , , 
PMC8995061,https://pubmed.ncbi.nlm.nih.gov/PMC8995061/, , , 
PMC8295570,https://pubmed.ncbi.nlm.nih.gov/PMC8295570/, , , 
PMC8246691,https://pubmed.ncbi.nlm.nih.gov/PMC8246691/, , , 
PMC8979092,https://pubmed.ncbi.nlm.nih.gov/PMC8979092/, , , 
PMC8144469,https://pubmed.ncbi.nlm.nih.gov/PMC8144469/, , , 
PMC8989534,https://pubmed.ncbi.nlm.nih.gov/PMC8989534/, , , 
PMC8318220,https://pubmed.ncbi.nlm.nih.gov/PMC8318220/, , , 
PMC8132906,https://pubmed.ncbi.nlm.nih.gov/PMC8132906/, , , 
PMC8767281,https://pubmed.ncbi.nlm.nih.gov/PMC8767281/, , , 
PMC8385307,https://pubmed.ncbi.nlm.nih.gov/PMC8385307/, , , 
PMC8589235,https://pubmed.ncbi.nlm.nih.gov/PMC8589235/, , , 
PMC8015582,https://pubmed.ncbi.nlm.nih.gov/PMC8015582/, , , 
PMC8420426,https://pubmed.ncbi.nlm.nih.gov/PMC8420426/, , , 
PMC8942398,https://pubmed.ncbi.nlm.nih.gov/PMC8942398/, , , 
PMC8687720,https://pubmed.ncbi.nlm.nih.gov/PMC8687720/, , , 
PMC8026161,https://pubmed.ncbi.nlm.nih.gov/PMC8026161/, , , 
PMC8673483,https://pubmed.ncbi.nlm.nih.gov/PMC8673483/, , , 
PMC8719558,https://pubmed.ncbi.nlm.nih.gov/PMC8719558/, , , 
PMC8565999,https://pubmed.ncbi.nlm.nih.gov/PMC8565999/, , , 
PMC8675136,https://pubmed.ncbi.nlm.nih.gov/PMC8675136/, , , 
PMC8882668,https://pubmed.ncbi.nlm.nih.gov/PMC8882668/, , , 
PMC8957778,https://pubmed.ncbi.nlm.nih.gov/PMC8957778/, , , 
PMC8683002,https://pubmed.ncbi.nlm.nih.gov/PMC8683002/, , , 
PMC8815840,https://pubmed.ncbi.nlm.nih.gov/PMC8815840/, , , 
PMC8771734,https://pubmed.ncbi.nlm.nih.gov/PMC8771734/, , , 
PMC8197619,https://pubmed.ncbi.nlm.nih.gov/PMC8197619/, , , 
PMC8751416,https://pubmed.ncbi.nlm.nih.gov/PMC8751416/, , , 
PMC8078623,https://pubmed.ncbi.nlm.nih.gov/PMC8078623/, , , 
PMC8610849,https://pubmed.ncbi.nlm.nih.gov/PMC8610849/, , , 
PMC8343474,https://pubmed.ncbi.nlm.nih.gov/PMC8343474/, , , 
PMC8572138,https://pubmed.ncbi.nlm.nih.gov/PMC8572138/, , , 
PMC8923608,https://pubmed.ncbi.nlm.nih.gov/PMC8923608/, , , 
PMC8635177,https://pubmed.ncbi.nlm.nih.gov/PMC8635177/, , , 
PMC8080112,https://pubmed.ncbi.nlm.nih.gov/PMC8080112/, , , 
PMC8689657,https://pubmed.ncbi.nlm.nih.gov/PMC8689657/, , , 
PMC8076621,https://pubmed.ncbi.nlm.nih.gov/PMC8076621/, , , 
PMC8114427,https://pubmed.ncbi.nlm.nih.gov/PMC8114427/, , , 
PMC8693313,https://pubmed.ncbi.nlm.nih.gov/PMC8693313/, , , 
PMC8243083,https://pubmed.ncbi.nlm.nih.gov/PMC8243083/, , , 
PMC8884847,https://pubmed.ncbi.nlm.nih.gov/PMC8884847/, , , 
PMC8728189,https://pubmed.ncbi.nlm.nih.gov/PMC8728189/, , , 
PMC8090795,https://pubmed.ncbi.nlm.nih.gov/PMC8090795/, , , 
PMC8180269,https://pubmed.ncbi.nlm.nih.gov/PMC8180269/, , , 
